campaign_id,канал,бюджет,показы,клики,конверсии,выручка,дата_начала
CAMP_0001,Email,4498.63,599623,31073,5447,6796.29,2024-01-01
CAMP_0002,TikTok,9131.89,821419,54635,2164,8012.0,2024-01-02
CAMP_0003,Instagram,9169.13,1533724,93127,2344,8677.13,2024-01-04
CAMP_0004,TikTok,2015.12,180590,6681,408,1953.88,2024-01-06
CAMP_0005,TikTok,8175.53,602697,44286,2230,8333.44,2024-01-08
CAMP_0006,Facebook,11190.17,1030615,39790,3273,12861.08,2024-01-10
CAMP_0007,Instagram,7847.03,750469,47364,4118,9324.22,2024-01-12
CAMP_0008,Instagram,8297.49,1013154,44655,3492,10184.67,2024-01-13
CAMP_0009,Instagram,13332.04,967862,54708,5813,15924.38,2024-01-15
CAMP_0010,TikTok,9655.21,738824,31694,2205,9342.37,2024-01-17
CAMP_0011,Email,3996.2,279306,18607,2523,6453.12,2024-01-19
CAMP_0012,Instagram,8572.3,611192,27269,3166,9456.53,2024-01-21
CAMP_0013,TikTok,7282.33,1425565,83452,6382,6776.05,2024-01-23
CAMP_0014,Facebook,19649.27,2071734,100794,6035,17053.05,2024-01-24
CAMP_0015,Email,6156.02,477351,29438,4114,8097.7,2024-01-26
CAMP_0016,Facebook,3639.93,262298,14611,927,3646.45,2024-01-28
CAMP_0017,Email,5920.76,984950,67546,9787,8134.88,2024-01-30
CAMP_0018,TikTok,9677.33,1664633,97756,4011,7150.39,2024-02-01
CAMP_0019,Google Ads,11678.86,2001516,117291,12458,17183.15,2024-02-03
CAMP_0020,Email,4546.51,469360,25793,3777,6028.29,2024-02-04
CAMP_0021,Facebook,13970.75,1596892,62101,5825,13828.48,2024-02-06
CAMP_0022,TikTok,8208.96,549842,32899,2367,6846.67,2024-02-08
CAMP_0023,Email,8413.64,703629,41557,7607,11231.35,2024-02-10
CAMP_0024,Google Ads,14445.34,1289609,70622,5876,16757.91,2024-02-12
CAMP_0025,Google Ads,20163.0,3490010,93876,10029,30878.14,2024-02-14
CAMP_0026,Instagram,11999.72,1810958,93636,5954,16496.24,2024-02-15
CAMP_0027,Instagram,9742.36,743377,29123,1623,12695.08,2024-02-17
CAMP_0028,Facebook,13102.54,1352599,55168,2654,12579.67,2024-02-19
CAMP_0029,Email,5389.08,359339,20850,2921,7852.15,2024-02-21
CAMP_0030,Email,4530.46,720082,28089,4000,6918.77,2024-02-23
CAMP_0031,Instagram,13711.56,1597781,91734,8865,13543.28,2024-02-25
CAMP_0032,Email,5172.29,382514,26972,4887,8861.69,2024-02-26
CAMP_0033,Email,3469.43,656115,34320,5247,5742.92,2024-02-28
CAMP_0034,Google Ads,12831.75,2493806,103684,12563,12654.53,2024-03-01
CAMP_0035,Instagram,13101.22,1544490,62751,7533,14556.95,2024-03-03
CAMP_0036,TikTok,10944.64,755052,40249,1446,10306.22,2024-03-05
CAMP_0037,Instagram,9978.3,1204016,55422,3542,11978.46,2024-03-07
CAMP_0038,TikTok,4696.24,555330,30474,2094,5134.27,2024-03-08
CAMP_0039,Google Ads,12766.58,2360385,94989,8491,14439.89,2024-03-10
CAMP_0040,Facebook,6263.64,724732,26151,3119,15199.01,2024-03-12
CAMP_0041,Email,3950.41,287599,16433,2580,5360.49,2024-03-14
CAMP_0042,Google Ads,12347.49,1418482,55663,8209,14858.87,2024-03-16
CAMP_0043,Email,7467.45,1391407,73062,11472,9721.2,2024-03-18
CAMP_0044,Facebook,24315.52,4004717,197015,21765,16570.74,2024-03-19
CAMP_0045,Facebook,8974.6,1725647,41031,2411,8542.42,2024-03-21
CAMP_0046,Google Ads,23435.71,1817889,97832,8073,29283.05,2024-03-23
CAMP_0047,Facebook,18092.5,1941964,84260,6086,17183.16,2024-03-25
CAMP_0048,TikTok,10778.53,1259032,86991,6137,10445.53,2024-03-27
CAMP_0049,Facebook,9397.43,1368756,45345,2876,9098.82,2024-03-29
CAMP_0050,Email,5072.78,557205,26016,3845,7290.93,2024-03-30
CAMP_0051,Email,4134.84,616324,38553,5804,6124.22,2024-04-01
CAMP_0052,Email,2495.89,196605,11881,1529,3243.89,2024-04-03
CAMP_0053,Email,2558.69,416156,23088,2528,4016.27,2024-04-05
CAMP_0054,TikTok,7801.76,755553,28627,1918,6934.84,2024-04-07
CAMP_0055,Instagram,13522.02,1791849,64920,7279,16439.34,2024-04-09
CAMP_0056,Google Ads,2641.78,311211,11524,1191,3337.65,2024-04-10
CAMP_0057,Email,5129.88,477432,25515,3510,7525.85,2024-04-12
CAMP_0058,Facebook,10049.58,1512884,50945,4629,12112.13,2024-04-14
CAMP_0059,Email,6306.69,706675,36563,4935,10375.5,2024-04-16
CAMP_0060,Facebook,4516.83,362038,12484,604,4753.55,2024-04-18
CAMP_0061,Facebook,15317.62,1089081,17304,1078,16742.79,2024-04-20
CAMP_0062,Email,2782.12,435201,28913,4342,4554.61,2024-04-21
CAMP_0063,TikTok,8545.6,1311328,68821,3315,7071.05,2024-04-23
CAMP_0064,Facebook,12286.26,973201,32333,2361,14428.63,2024-04-25
CAMP_0065,Facebook,10920.5,841789,23748,1696,10561.25,2024-04-27
CAMP_0066,Email,6304.41,528030,36199,3886,9407.09,2024-04-29
CAMP_0067,Facebook,4885.12,507805,26893,2248,7066.5,2024-05-01
CAMP_0068,Facebook,12437.58,1039365,47039,3967,13884.29,2024-05-02
CAMP_0069,Email,7823.04,846529,57948,8325,11460.86,2024-05-04
CAMP_0070,Email,3515.59,236765,12724,2427,5373.91,2024-05-06
CAMP_0071,Google Ads,14209.96,1090679,44424,5199,12815.81,2024-05-08
CAMP_0072,TikTok,4130.12,333746,12365,493,3762.08,2024-05-10
CAMP_0073,TikTok,7262.77,727464,34389,2960,6728.36,2024-05-12
CAMP_0074,Facebook,19395.82,3780166,186232,11109,21868.8,2024-05-13
CAMP_0075,TikTok,7193.33,1228895,47846,3349,7004.43,2024-05-15
CAMP_0076,Facebook,12055.72,1698214,64122,4982,12938.86,2024-05-17
CAMP_0077,Google Ads,14836.23,1393281,55126,7043,12627.08,2024-05-19
CAMP_0078,Email,6869.13,1048337,35922,5237,9697.68,2024-05-21
CAMP_0079,Email,2888.73,252511,11924,1583,4158.51,2024-05-23
CAMP_0080,Email,6403.52,1214867,82265,10358,8585.53,2024-05-24
CAMP_0081,TikTok,6426.44,557489,30602,1927,5884.16,2024-05-26
CAMP_0082,Google Ads,18554.8,1394867,68965,9167,20390.55,2024-05-28
CAMP_0083,TikTok,9779.3,1906289,89413,3272,11878.95,2024-05-30
CAMP_0084,TikTok,6431.83,846936,51231,4934,4418.89,2024-06-01
CAMP_0085,Google Ads,8597.85,817249,51117,3319,10044.54,2024-06-03
CAMP_0086,Google Ads,12275.4,897018,43946,5248,15287.25,2024-06-04
CAMP_0087,Google Ads,13181.94,1714885,76193,10903,17806.67,2024-06-06
CAMP_0088,Google Ads,15854.33,1068061,46097,3421,20057.67,2024-06-08
CAMP_0089,Email,5293.77,683900,30923,5569,8245.78,2024-06-10
CAMP_0090,Instagram,10896.1,990089,51313,3588,12819.75,2024-06-12
CAMP_0091,Instagram,3556.94,349090,10194,846,4018.57,2024-06-14
CAMP_0092,Google Ads,11942.41,1514201,46839,5940,13344.85,2024-06-15
CAMP_0093,Instagram,6677.1,573796,39203,3603,7524.13,2024-06-17
CAMP_0094,Instagram,7985.27,801438,34638,1946,9966.16,2024-06-19
CAMP_0095,Google Ads,14825.06,1247477,78226,5385,17640.97,2024-06-21
CAMP_0096,Instagram,12213.43,1581752,81816,4478,15530.84,2024-06-23
CAMP_0097,TikTok,7776.7,1135064,63798,5824,7527.39,2024-06-25
CAMP_0098,Facebook,14239.16,1194283,58290,4134,16303.0,2024-06-26
CAMP_0099,Facebook,13718.47,2015716,80783,7785,32257.73,2024-06-28
CAMP_0100,Google Ads,17233.2,1171483,50218,4982,23303.16,2024-06-30
CAMP_0101,Email,4301.82,323709,20673,2933,5939.35,2024-07-02
CAMP_0102,Google Ads,9787.58,799137,46173,4444,11588.88,2024-07-04
CAMP_0103,Email,4024.12,357416,23387,3399,6371.98,2024-07-06
CAMP_0104,Facebook,14853.6,1143654,43996,3064,18736.36,2024-07-07
CAMP_0105,Google Ads,19599.14,1320622,63572,5790,28771.68,2024-07-09
CAMP_0106,TikTok,5382.11,881627,51078,2202,4371.36,2024-07-11
CAMP_0107,Instagram,3232.13,273990,8199,899,3451.59,2024-07-13
CAMP_0108,Email,8464.58,1268988,61369,8795,12898.91,2024-07-15
CAMP_0109,Instagram,4505.14,665920,28461,2206,4580.28,2024-07-17
CAMP_0110,Instagram,8264.11,562527,22680,2685,8383.01,2024-07-18
CAMP_0111,Google Ads,16718.09,2307724,95157,9901,17096.56,2024-07-20
CAMP_0112,Instagram,7059.61,512509,22369,1739,7355.02,2024-07-22
CAMP_0113,TikTok,9630.5,916441,55752,3705,7995.77,2024-07-24
CAMP_0114,Instagram,13094.35,1314858,42723,3402,14843.34,2024-07-26
CAMP_0115,Google Ads,1000.0,91540,3322,299,1406.62,2024-07-28
CAMP_0116,TikTok,3081.81,223541,12211,999,3440.24,2024-07-29
CAMP_0117,Facebook,13622.47,1018873,46002,4661,16692.9,2024-07-31
CAMP_0118,Instagram,7727.83,559634,26194,2269,8670.68,2024-08-02
CAMP_0119,Google Ads,11552.3,876524,43781,4403,29764.42,2024-08-04
CAMP_0120,Facebook,12764.4,1127782,43379,4123,10817.35,2024-08-06
CAMP_0121,Facebook,10768.89,853976,34322,3115,11384.79,2024-08-08
CAMP_0122,Email,5911.84,981203,55797,8007,8934.43,2024-08-09
CAMP_0123,TikTok,11220.9,1977770,78586,2656,12284.1,2024-08-11
CAMP_0124,Instagram,8043.77,639275,29260,2556,6392.5,2024-08-13
CAMP_0125,Google Ads,12224.0,1580090,100828,7602,14954.1,2024-08-15
CAMP_0126,Email,3468.15,595512,36971,6005,5710.59,2024-08-17
CAMP_0127,TikTok,9950.6,1081908,53022,2410,11930.98,2024-08-19
CAMP_0128,Email,4931.62,353749,20317,2555,14321.21,2024-08-20
CAMP_0129,TikTok,10851.51,1115022,51926,3990,11052.4,2024-08-22
CAMP_0130,TikTok,9379.79,832855,46702,3452,9908.34,2024-08-24
CAMP_0131,Instagram,6392.49,1022494,42435,3245,8758.61,2024-08-26
CAMP_0132,TikTok,5777.5,533979,26622,2311,4923.05,2024-08-28
CAMP_0133,Email,4584.65,800886,43845,5741,4980.85,2024-08-30
CAMP_0134,TikTok,11070.56,813938,31795,1610,10437.81,2024-08-31
CAMP_0135,Instagram,18407.09,1530779,63946,5472,20322.03,2024-09-02
CAMP_0136,Instagram,6932.88,815032,34538,2416,7333.85,2024-09-04
CAMP_0137,Email,6483.32,925990,56701,9525,25093.03,2024-09-06
CAMP_0138,Facebook,12238.52,1012233,31916,2804,14101.43,2024-09-08
CAMP_0139,Facebook,16198.21,2792242,91160,7501,19316.72,2024-09-10
CAMP_0140,TikTok,14225.78,1385984,59747,3740,13950.97,2024-09-11
CAMP_0141,Google Ads,11742.91,856032,34379,2728,13746.31,2024-09-13
CAMP_0142,TikTok,7926.94,751109,53646,2753,8426.32,2024-09-15
CAMP_0143,Email,5057.01,722901,40627,5279,13170.6,2024-09-17
CAMP_0144,Email,6636.57,540803,29145,3798,11189.91,2024-09-19
CAMP_0145,Email,2657.29,216875,16269,2628,3837.72,2024-09-21
CAMP_0146,Email,2550.57,233493,11504,1950,4226.33,2024-09-22
CAMP_0147,Email,5602.44,397608,19142,2469,7559.13,2024-09-24
CAMP_0148,Instagram,11133.3,1121994,43853,4423,11627.71,2024-09-26
CAMP_0149,Facebook,3062.29,280185,11306,822,2701.1,2024-09-28
CAMP_0150,Email,6210.94,752667,32020,4183,9328.68,2024-09-30
CAMP_0151,Google Ads,7220.51,1259031,53226,5404,7636.06,2024-10-02
CAMP_0152,Google Ads,13703.75,1830304,104943,13644,18877.37,2024-10-03
CAMP_0153,Google Ads,19235.4,1973608,112939,12156,25285.05,2024-10-05
CAMP_0154,Google Ads,13483.46,2203468,107523,10598,16779.04,2024-10-07
CAMP_0155,Instagram,9541.79,665455,21061,1928,12586.77,2024-10-09
CAMP_0156,Google Ads,19581.64,2050992,99401,5763,33105.95,2024-10-11
CAMP_0157,Email,6662.27,949240,42336,6161,9010.01,2024-10-13
CAMP_0158,TikTok,7427.95,622823,32495,2254,9288.74,2024-10-14
CAMP_0159,Google Ads,16005.5,3017700,167502,17412,21085.39,2024-10-16
CAMP_0160,Instagram,12235.56,1368838,41845,3120,14003.52,2024-10-18
CAMP_0161,Instagram,9775.52,713149,32296,3126,12857.51,2024-10-20
CAMP_0162,Google Ads,13779.22,1666102,91037,11009,18402.04,2024-10-22
CAMP_0163,TikTok,7107.31,539317,34385,2489,10318.54,2024-10-24
CAMP_0164,Google Ads,8609.89,720211,20571,1649,7981.29,2024-10-25
CAMP_0165,Instagram,5473.99,954994,34370,4222,6850.55,2024-10-27
CAMP_0166,Facebook,3003.62,220314,6867,206,7707.41,2024-10-29
CAMP_0167,Email,2915.64,269923,10404,1941,4544.82,2024-10-31
CAMP_0168,Instagram,12081.64,830054,41946,3563,14000.36,2024-11-02
CAMP_0169,Google Ads,11230.18,1139111,48062,3969,12379.69,2024-11-04
CAMP_0170,Email,5269.84,649549,44766,7623,8252.37,2024-11-05
CAMP_0171,Google Ads,10087.56,1480962,63316,5104,13443.25,2024-11-07
CAMP_0172,Google Ads,11993.16,1123678,54158,6929,14856.27,2024-11-09
CAMP_0173,Facebook,12500.9,861297,29030,3022,13845.94,2024-11-11
CAMP_0174,Email,3947.01,355272,17184,2800,5545.02,2024-11-13
CAMP_0175,Email,3134.21,244759,11765,1836,4281.11,2024-11-15
CAMP_0176,Facebook,9306.04,828042,33775,4203,8043.46,2024-11-16
CAMP_0177,Instagram,12218.22,1704693,78651,9004,16415.29,2024-11-18
CAMP_0178,Google Ads,12212.54,1115834,34927,3712,15261.86,2024-11-20
CAMP_0179,TikTok,5588.98,602130,39976,3578,6235.1,2024-11-22
CAMP_0180,Google Ads,17844.92,2305066,141263,11016,20402.18,2024-11-24
CAMP_0181,Google Ads,15170.42,2672671,99691,8729,20559.04,2024-11-26
CAMP_0182,Instagram,11158.08,1080206,54372,3618,10209.42,2024-11-27
CAMP_0183,Google Ads,23362.86,2420506,119065,12136,26817.46,2024-11-29
CAMP_0184,Facebook,14155.02,2019452,58146,3587,15035.35,2024-12-01
CAMP_0185,Facebook,9057.88,777559,39158,2714,7598.91,2024-12-03
CAMP_0186,Email,6819.65,667965,37684,4711,10119.0,2024-12-05
CAMP_0187,TikTok,8400.62,655260,31763,1543,6859.43,2024-12-07
CAMP_0188,Google Ads,5818.97,648728,32488,4649,6286.13,2024-12-08
CAMP_0189,Google Ads,14969.65,1003221,53556,4943,19753.88,2024-12-10
CAMP_0190,Instagram,10286.4,1168082,47904,4855,12240.19,2024-12-12
CAMP_0191,Facebook,11300.16,1677765,51075,3027,14090.85,2024-12-14
CAMP_0192,TikTok,11257.69,1779801,97438,11624,10187.97,2024-12-16
CAMP_0193,Email,5015.53,558110,23374,3098,6525.97,2024-12-18
CAMP_0194,Facebook,12226.6,834112,36114,1587,11652.2,2024-12-19
CAMP_0195,Email,3591.0,314771,16858,2542,4516.13,2024-12-21
CAMP_0196,Instagram,9252.95,1657748,94337,7426,9607.9,2024-12-23
CAMP_0197,Instagram,7853.09,658727,25674,2318,7779.98,2024-12-25
CAMP_0198,Google Ads,17184.69,2131424,121291,13340,27380.41,2024-12-27
CAMP_0199,TikTok,3899.36,449360,21457,2020,3519.19,2024-12-29
CAMP_0200,Email,4135.23,796474,23169,3643,5502.07,2024-12-31
